feature,mean_importance
feature_1,-0.013520518125345304
feature_2,0.0017949861288070745
feature_4,0.20637676727647586
feature_3,2.1485001558562122
