feature,mean_importance
feature_1,0.0
feature_2,5.551115123125783e-18
feature_3,0.48858273961816234
feature_4,0.9339718990002389
