feature,shap_importance
feature_4,0.7920780457877233
feature_3,0.5115768994801254
feature_1,0.0
feature_2,0.0
