feature,mean_importance
feature_3,0.07369492154862156
feature_2,0.11517756150656891
feature_1,0.11833897370944316
feature_4,0.12967727000447857
