feature,shap_importance
feature_4,3.8176694556414654
feature_3,3.1068666902328355
feature_2,2.044612568145154
feature_1,1.7660762574443898
