feature,mean_importance
feature_1,0.11474455866152093
feature_2,0.18531192665277202
feature_3,0.5883829608717768
feature_4,0.8101838164631558
