feature,shap_importance
feature_4,1.2934647550776583
feature_2,0.06519713261648748
feature_1,0.0
feature_3,0.0
